{
    "trackrod": {
        "Fx": -0.23985495004487745,
        "Fy": -0.02055768721476949,
        "Fz": -1.1130284569744597,
        "Mx": -1.215713662707889,
        "My": -14.13933325107616,
        "Mz": -0.5071518813119511
    },
    "pushrod": {
        "Fx": 0.14355531731161575,
        "Fy": 1.2889170217128665,
        "Fz": 0.12988678603563195,
        "Mx": 0.14249890338291948,
        "My": 1.6516950738699332,
        "Mz": 0.09409592898124577
    },
    "lower_fwd": {
        "Fx": 0.871097810848802,
        "Fy": -1.2523551900341865,
        "Fz": 2.3297372807883336,
        "Mx": -6.718098352283497,
        "My": 4.843685134830834,
        "Mz": 3.3579620018546095
    },
    "lower_rwd": {
        "Fx": 1.2908363220264116,
        "Fy": -0.6367552702540857,
        "Fz": -1.1627196465218013,
        "Mx": 7.254130568292575,
        "My": 8.007665476310178,
        "Mz": 4.566695511931563
    },
    "upper_fwd": {
        "Fx": -0.39605693296085687,
        "Fy": 0.4740881000305936,
        "Fz": -0.6608698159474758,
        "Mx": 6.246851815551025,
        "My": 1.1281925167446214,
        "Mz": -3.5273990232650094
    },
    "upper_rwd": {
        "Fx": -0.504568741636195,
        "Fy": 0.5553721818940819,
        "Fz": 0.7725645646766814,
        "Mx": -5.546496707511876,
        "My": 1.081305667939952,
        "Mz": -4.3194258042973495
    }
}